ID,Task,Estimate (hours),Actual (hours),Status,Notes
0.1,Project initialization & structure setup,0.5,0.5,COMPLETED,Created app structure with models/routes/services/utils
0.2,Requirements.txt & dependencies,0.5,0.5,COMPLETED,FastAPI, SQLAlchemy, JWT, bcrypt, etc.
0.3,Dockerfile and docker-compose.yml,1.0,0.5,COMPLETED,PostgreSQL + FastAPI with environment variables
1.1,Database models (User, Device, Telemetry),2.0,1.0,COMPLETED,SQLAlchemy models with Pydantic schemas
1.2,Database utilities & session management,1.0,1.0,COMPLETED,DB connection, session handling, table initialization
1.3,Password hashing & JWT utilities,1.5,1.5,COMPLETED,bcrypt hashing, JWT token creation/verification
1.4,Authentication service & routes,2.0,2.0,COMPLETED,Register, login, logout endpoints
1.5,Admin user seeding,0.5,0.5,COMPLETED,Automatic admin creation on startup
2.1,Device management service & routes,2.0,1.0,COMPLETED,CRUD operations for user devices
2.2,Telemetry service & routes,3.0,2.0,COMPLETED,Ingestion, querying, aggregation endpoints
2.3,Telemetry simulation script,0.5,0.5,COMPLETED,Test data generation for 5 devices
3.1,Conversational AI service setup,1.0,,COMPLETED,Define chat intent schema and response models
3.2,Rules-based parser implementation,2.5,,Skipped,Natural language to query conversion
3.3,LLM integration (optional),2.0,3.0,COMPLETED,OpenAI integration for advanced queries
3.4,Chat routes & endpoints,1.5,1,COMPLETED,Query endpoint with structured responses
4.1,Error handling & validation,1.0,0.5,COMPLETED,Global exception handlers, input validation
4.2,API documentation & testing,1.5,2.5,COMPLETED,OpenAPI docs verification, integration tests
4.3,Performance optimization,1.0,,skipped,Database indexes, query optimization
5.1,README & deployment docs,1.0,1.0,COMPLETED,Setup instructions, API usage examples
5.2,End-to-end testing,2.0,1.0,COMPLETED,Complete workflow testing
5.3,Final polish & cleanup,1.0,1.5,COMPLETED,Code review, final adjustments
